,year,gross,genre
0,1994,28.34,Drama
1,1972,134.97,Crime
2,2008,534.86,Action
3,1993,96.9,Biography
4,1957,4.36,Crime
5,1974,57.3,Crime
6,2003,377.85,Action
7,1994,107.93,Crime
8,2023,,Animation
9,2010,292.58,Action
10,2001,315.54,Action
11,1999,37.03,Drama
12,1994,330.25,Drama
13,1966,6.1,Adventure
14,2002,342.55,Action
15,2021,,Crime
16,2022,,Adventure
17,2014,188.02,Adventure
18,1990,46.84,Biography
19,1999,171.48,Action
20,1975,112.0,Drama
21,1980,290.48,Action
22,2022,,Biography
23,2020,,Action
24,2023,,Biography
25,1991,130.74,Crime
26,1995,100.13,Crime
27,1998,216.54,Drama
28,1991,204.84,Action
29,1999,136.8,Crime
30,1977,322.74,Action
31,2002,7.56,Crime
32,2001,10.06,Animation
33,1997,57.6,Comedy
34,1946,,Drama
35,1954,0.27,Action
36,1962,,Action
37,2022,,Action
38,2006,53.09,Drama
39,1985,210.61,Adventure
40,2006,132.38,Crime
41,1979,78.9,Horror
42,2019,53.37,Drama
43,2000,187.71,Action
44,2014,13.09,Drama
45,1994,19.5,Action
46,2002,32.57,Biography
47,1995,23.34,Crime
48,1994,422.78,Animation
49,1998,6.72,Crime
50,1960,32.0,Horror
51,1988,,Animation
52,2011,13.18,Biography
53,1942,1.02,Drama
54,1968,5.32,Western
55,1954,36.76,Mystery
56,1988,11.99,Drama
57,1936,0.16,Comedy
58,1931,0.02,Comedy
59,2018,,Drama
60,2018,190.24,Animation
61,2012,448.14,Action
62,2000,25.54,Mystery
63,2019,335.45,Crime
64,2019,858.37,Action
65,2012,162.81,Drama
66,1981,248.16,Action
67,2003,0.71,Action
68,1980,44.02,Drama
69,1986,85.16,Action
70,1979,83.47,Drama
71,2018,678.82,Action
72,1984,51.97,Biography
73,1985,,Drama
74,2016,5.02,Animation
75,2017,209.73,Animation
76,1964,0.28,Comedy
77,2008,223.81,Animation
78,2006,11.29,Drama
79,2009,6.53,Comedy
80,2018,1.66,Drama
81,1981,11.49,Drama
82,1950,,Drama
83,1957,,Drama
84,1957,8.18,Crime
85,1940,0.29,Comedy
86,1963,,Crime
87,2021,,Biography
88,2019,,Action
89,2019,,Action
90,2021,,Crime
91,2022,718.73,Action
92,2009,120.54,Adventure
93,1995,67.44,Action
94,1999,130.1,Drama
95,1997,138.43,Drama
96,2000,3.64,Drama
97,1983,45.6,Crime
98,1968,56.95,Adventure
99,1984,5.32,Crime
100,1995,75.6,Biography
101,1971,6.21,Crime
102,2004,34.4,Drama
103,1992,2.83,Crime
104,1987,46.36,Drama
105,2012,0.69,Drama
106,1997,2.38,Animation
107,2010,6.86,Drama
108,1952,8.82,Comedy
109,1995,191.8,Animation
110,2020,,Biography
111,2009,293.0,Animation
112,2001,33.23,Comedy
113,1983,309.13,Action
114,2010,415.0,Animation
115,1958,3.2,Mystery
116,1962,44.82,Adventure
117,1941,1.59,Drama
118,1962,,Crime
119,1959,13.28,Action
120,1927,1.24,Drama
121,1973,159.6,Comedy
122,1960,18.6,Comedy
123,2011,7.1,Drama
124,1931,0.03,Crime
125,2016,12.39,Action
126,1952,0.06,Drama
127,1944,5.72,Crime
128,1961,,Drama
129,2007,1.22,Drama
130,2022,,Action
131,1948,0.33,Drama
132,2022,,Action
133,2022,6.6,Action
134,2017,,Biography
135,2018,,Action
136,2021,,Action
137,2019,0.9,Comedy
138,2013,,Crime
139,2013,116.9,Biography
140,2021,804.75,Action
141,1993,402.45,Action
142,2007,74.28,Crime
143,2005,206.85,Action
144,2010,128.01,Mystery
145,2007,40.22,Drama
146,1976,28.26,Crime
147,1998,125.62,Comedy
148,1989,197.17,Action
149,2000,30.33,Comedy
150,2003,70.1,Action
151,2019,159.23,Action
152,1992,101.16,Drama
153,2003,380.84,Animation
154,1995,42.44,Crime
155,1982,13.78,Horror
156,1999,293.51,Drama
157,2018,85.08,Biography
158,2004,4.71,Animation
159,1988,83.01,Action
160,2005,70.51,Action
161,2001,170.74,Biography
162,1997,64.62,Crime
163,1963,12.1,Adventure
164,1974,,Drama
165,2020,,Drama
166,2004,5.51,Biography
167,2006,37.63,Drama
168,1939,198.68,Drama
169,1965,15.0,Drama
170,1975,1.23,Adventure
171,1980,,Biography
172,1959,25.0,Comedy
173,2009,6.39,Drama
174,1985,4.14,Action
175,2018,,Drama
176,1953,,Adventure
177,2020,47.7,Animation
178,1954,0.01,Crime
179,1950,0.01,Drama
180,1950,0.1,Crime
181,2019,,Animation
182,1947,5.01,Adventure
183,2022,,Crime
184,1961,,Action
185,2011,3.11,Comedy
186,2019,,Drama
187,1969,0.08,Crime
188,2004,1.22,Drama
189,1997,0.93,Drama
190,2018,1.37,Crime
191,2015,0.74,Crime
192,1921,5.45,Comedy
193,1955,0.54,Drama
194,1942,,Comedy
195,1928,0.02,Biography
196,2012,,Action
197,2018,,Action
198,2017,20.19,Action
199,2005,,Drama
200,1975,,Adventure
201,1924,0.98,Action
202,2019,4.19,Action
203,1952,0.07,Drama
204,2017,,Action
205,2012,0.04,Action
206,2018,3.51,Action
207,2013,1.63,Biography
208,1973,232.91,Horror
209,1975,260.0,Adventure
210,2013,61.0,Crime
211,1986,52.29,Adventure
212,2015,154.06,Action
213,2014,167.77,Drama
214,2016,67.21,Biography
215,2003,305.41,Action
216,2014,59.1,Adventure
217,1982,32.87,Action
218,1984,38.4,Action
219,1996,24.61,Crime
220,2011,381.01,Adventure
221,2019,117.62,Action
222,2007,206.45,Animation
223,1998,17.5,Comedy
224,2002,164.62,Biography
225,2011,169.71,Drama
226,2017,226.28,Action
227,2016,2.01,Drama
228,2017,54.51,Comedy
229,2007,18.35,Adventure
230,1989,95.86,Comedy
231,1939,2.08,Adventure
232,1986,138.53,Drama
233,1996,16.5,Drama
234,2003,0.01,Crime
235,1976,117.24,Drama
236,2015,356.46,Animation
237,1965,163.21,Biography
238,2008,148.1,Drama
239,1995,5.54,Drama
240,1978,48.98,Drama
241,1957,,Drama
242,2011,13.66,Action
243,2013,26.95,Action
244,2015,45.06,Biography
245,1998,3.9,Action
246,2001,289.92,Animation
247,2000,2.73,Drama
248,2019,3.76,Drama
249,2015,14.68,Drama
250,2010,217.58,Animation
251,1995,0.31,Crime
252,2013,56.67,Biography
253,1980,23.38,Biography
254,1967,16.22,Crime
255,1979,0.23,Drama
256,2004,100.49,Drama
257,1975,,Adventure
258,2009,,Biography
259,1984,2.18,Drama
260,1988,1.11,Animation
261,1999,23.16,Animation
262,2012,0.92,Comedy
263,2004,5.82,Drama
264,2000,5.38,Drama
265,2014,3.11,Comedy
266,1959,74.7,Adventure
267,1966,,Drama
268,1993,25.01,Biography
269,1976,,Drama
270,1949,0.45,Film-Noir
271,1957,44.91,Adventure
272,2016,,Animation
273,1954,9.6,Crime
274,1940,4.36,Drama
275,1997,,Animation
276,1962,,Drama
277,2004,23.53,Biography
278,1973,30.93,Comedy
279,1946,23.65,Drama
280,1998,1.65,Drama
281,1934,4.36,Comedy
282,2009,,Animation
283,2014,10.62,Comedy
284,1940,0.06,Drama
285,1930,3.27,Drama
286,1957,,Drama
287,1982,4.97,Drama
288,1994,4.04,Drama
289,1993,5.22,Drama
290,1959,,Crime
291,1974,13.34,Drama
292,1953,,Drama
293,2000,1.14,Drama
294,1948,10.9,Drama
295,2001,0.07,Drama
296,1995,0.17,Comedy
297,2015,8.18,Action
298,1966,0.1,Biography
299,1976,,Biography
300,1960,,Biography
301,1957,,Drama
302,1939,9.6,Comedy
303,1966,0.06,Drama
304,2001,0.3,Comedy
305,2014,0.17,Drama
306,2003,,Comedy
307,1955,1.09,Crime
308,1958,,Action
309,1926,1.03,Action
310,1957,0.75,Drama
311,2012,,Animation
312,1949,,Action
313,2015,,Drama
314,2007,1.11,Drama
315,1951,3.97,Drama
316,2015,0.34,Crime
317,1960,1.53,Drama
318,2008,,Action
319,2006,2.2,Comedy
320,1955,0.06,Crime
321,1927,0.54,Drama
322,1978,,Drama
323,2012,2.8,Comedy
324,1991,2.6,Drama
325,1925,5.45,Adventure
326,2016,1.24,Crime
327,1975,,Action
328,1988,0.28,Comedy
329,2019,,Crime
330,1937,0.17,Drama
331,1986,4.94,Comedy
332,1971,,Drama
333,2013,0.14,Drama
334,2000,,Action
335,1928,,Comedy
336,1996,,Crime
337,1999,,Action
338,2010,0.01,Drama
339,2012,1.04,Mystery
340,2013,1.43,Adventure
341,2005,0.73,Drama
342,1998,,Comedy
343,2023,,Action
344,2023,,Action
345,2021,108.33,Action
346,2014,333.18,Action
347,2017,92.05,Action
348,2016,151.1,Comedy
349,2016,363.07,Action
350,2010,106.95,Drama
351,1987,30.86,Adventure
352,2014,91.13,Biography
353,2015,183.64,Action
354,2001,1.48,Drama
355,2013,25.57,Drama
356,2021,,Comedy
357,2015,228.43,Adventure
358,2006,167.45,Action
359,2012,623.28,Action
360,1990,184.21,Adventure
361,2005,74.1,Crime
362,1974,86.3,Comedy
363,2004,261.44,Animation
364,2016,341.27,Animation
365,1991,70.41,Drama
366,2010,138.8,Biography
367,1993,70.91,Comedy
368,1968,,Drama
369,1988,178.8,Drama
370,2004,66.21,Action
371,1992,63.9,Drama
372,2020,,Animation
373,2003,1.53,Crime
374,1992,217.35,Animation
375,1999,22.46,Drama
376,1995,57.14,Mystery
377,1967,104.95,Comedy
378,1989,27.55,Comedy
379,2003,66.26,Adventure
380,2006,163.57,Biography
381,1968,33.4,Adventure
382,1999,6.2,Biography
383,1975,50.0,Biography
384,1947,,Crime
385,2006,57.37,Adventure
386,2008,141.32,Crime
387,1988,0.55,Animation
388,1991,218.97,Animation
389,2016,,Crime
390,1997,0.78,Animation
391,1994,0.6,Comedy
392,1969,102.31,Biography
393,1977,39.2,Comedy
394,2016,51.74,Biography
395,1979,20.05,Comedy
396,2014,3.49,Drama
397,1972,,Drama
398,1996,24.48,Drama
399,1959,12.54,Drama
400,2007,227.47,Action
401,1973,53.27,Biography
402,1955,0.65,Crime
403,1971,29.13,Drama
404,2008,,Action
405,2005,61.65,Biography
406,1953,,Comedy
407,1963,0.05,Drama
408,1984,0.5,Animation
409,1986,,Animation
410,1960,19.52,Comedy
411,1982,52.77,Biography
412,1987,3.33,Drama
413,1982,22.24,Drama
414,1975,0.18,Biography
415,1971,80.5,Drama
416,1962,4.05,Drama
417,1941,2.11,Crime
418,1961,8.28,Drama
419,1982,,Adventure
420,1959,11.9,Drama
421,1952,9.45,Drama
422,1963,,Drama
423,2002,0.17,Action
424,1967,0.04,Crime
425,1966,,Drama
426,2020,,Animation
427,1945,,Drama
428,1958,2.24,Crime
429,1996,13.42,Comedy
430,2013,1.51,Animation
431,1920,,Horror
432,2015,6.74,Action
433,1998,0.26,Drama
434,2007,0.01,Action
435,1983,0.01,Drama
436,2014,0.86,Animation
437,2001,,Comedy
438,2004,0.68,Drama
439,1953,,Comedy
440,2020,,Drama
441,1957,,Drama
442,2004,2.09,Biography
443,2007,5.99,Biography
444,1987,4.54,Drama
445,1972,1.74,Drama
446,1972,4.08,Mystery
447,2007,4.45,Animation
448,1962,,Drama
449,2008,1.5,Drama
450,2003,2.38,Drama
451,1998,0.35,Comedy
452,1995,,Drama
453,1954,,Drama
454,1940,0.2,Comedy
455,2018,0.03,Drama
456,1962,,Drama
457,1962,,Action
458,2014,0.9,Action
459,2010,0.1,Action
460,1949,,Comedy
461,1998,5.6,Drama
462,1945,,Drama
463,2004,,Adventure
464,2004,1.11,Action
465,1994,,Action
466,1963,,Drama
467,2016,1.78,Biography
468,2006,2.22,Comedy
469,2009,,Action
470,2001,,Comedy
471,2013,1.08,Crime
472,1997,659.33,Drama
473,2022,168.46,Animation
474,2019,165.36,Comedy
475,1997,26.4,Drama
476,2009,760.51,Action
477,2014,100.21,Action
478,2021,,Action
479,2004,249.36,Adventure
480,2016,100.55,Drama
481,2009,257.73,Action
482,2008,318.41,Action
483,2001,7.22,Drama
484,1993,75.08,Animation
485,2018,216.43,Biography
486,2019,33.37,Comedy
487,1993,12.28,Crime
488,2009,21.0,Animation
489,2000,32.53,Adventure
490,2012,17.74,Drama
491,1982,435.11,Adventure
492,2001,267.67,Animation
493,2017,315.06,Action
494,2004,13.54,Comedy
495,2003,90.14,Crime
496,2009,115.65,Action
497,2019,2.0,Drama
498,1980,57.23,Action
499,2006,35.55,Action
500,2008,7.76,Comedy
501,2014,233.92,Action
502,2013,27.3,Biography
503,1990,56.36,Drama
504,2014,25.38,Drama
505,2017,132.42,Drama
506,1964,14.5,Action
507,1985,9.93,Drama
508,1999,245.85,Animation
509,2012,124.99,Adventure
510,1984,4.74,Comedy
511,1956,93.74,Adventure
512,1967,24.38,Drama
513,1993,36.95,Crime
514,1960,30.0,Adventure
515,1995,0.52,Animation
516,1922,,Fantasy
517,2000,128.08,Action
518,2013,8.11,Drama
519,2008,2.12,Drama
520,2008,26.24,Drama
521,1938,3.98,Action
522,1965,111.72,Drama
523,1979,30.18,Comedy
524,1993,4.5,Crime
525,1963,13.47,Comedy
526,1976,70.6,Drama
527,2013,1.01,Drama
528,1970,61.7,Biography
529,1956,,Crime
530,1934,,Comedy
531,1969,12.06,Action
532,1956,,Adventure
533,1951,8.0,Drama
534,2014,2.63,Action
535,2002,53.71,Action
536,2018,3.31,Crime
537,2000,4.18,Crime
538,1933,10.0,Adventure
539,2011,44.67,Comedy
540,1962,,Drama
541,1946,10.46,Drama
542,1983,20.61,Comedy
543,1971,,Comedy
544,2019,,Adventure
545,2016,3.24,Comedy
546,1951,7.63,Crime
547,1993,1.32,Drama
548,1994,2.2,Crime
549,2012,6.74,Drama
550,1948,,Crime
551,1946,6.54,Crime
552,1986,0.3,Drama
553,1944,,Comedy
554,1970,0.54,Drama
555,2017,1.53,Action
556,1968,22.28,Biography
557,2004,,Drama
558,1940,,Comedy
559,1950,,Comedy
560,2002,9.36,Drama
561,2004,0.24,Crime
562,1958,17.57,Drama
563,1967,,Biography
564,1944,4.36,Drama
565,1973,0.58,Comedy
566,1953,,Crime
567,1959,0.09,Drama
568,2019,5.57,Drama
569,1980,,Drama
570,2010,4.02,Adventure
571,1950,,Drama
572,1945,,Crime
573,2003,1.79,Comedy
574,2009,0.11,Drama
575,1970,0.37,Crime
576,2014,0.1,Drama
577,1945,9.46,Drama
578,1947,2.65,Comedy
579,1925,0.05,Drama
580,2007,1.19,Drama
581,2000,1.22,Crime
582,1941,,Adventure
583,2003,0.5,Drama
584,1958,0.11,Crime
585,1961,,Drama
586,2001,1.06,Comedy
587,1946,0.3,Drama
588,2005,,Comedy
589,2009,0.01,Comedy
590,1939,,Comedy
591,2018,1.66,Comedy
592,2019,2.27,Biography
593,2018,,Comedy
594,2016,,Action
595,2007,0.41,Comedy
596,2015,,Action
597,2023,,Action
598,2017,188.37,Action
599,2022,369.35,Action
600,2022,72.86,Action
601,2005,38.41,Drama
602,2011,35.06,Action
603,2019,108.1,Drama
604,2004,81.0,Drama
605,1984,238.63,Action
606,2015,70.26,Biography
607,1986,70.14,Comedy
608,2019,36.47,Action
609,1993,56.51,Biography
610,1985,45.88,Comedy
611,2022,,Action
612,2017,176.04,Horror
613,1987,59.74,Action
614,2019,7.0,Biography
615,2011,102.52,Crime
616,2015,54.12,Crime
617,1993,183.88,Action
618,2013,15.32,Comedy
619,2017,18.1,Drama
620,1971,4.0,Family
621,2012,303.0,Adventure
622,2022,14.5,Action
623,2007,23.64,Action
624,2014,32.38,Crime
625,2007,50.93,Drama
626,2021,,Comedy
627,2016,47.7,Drama
628,2006,50.87,Action
629,2010,96.96,Biography
630,2016,532.18,Action
631,1987,76.27,Crime
632,2006,59.89,Comedy
633,2016,169.61,Biography
634,1993,32.42,Comedy
635,1989,118.5,Adventure
636,2015,936.66,Action
637,2012,45.51,Comedy
638,2016,408.08,Action
639,2000,115.65,Biography
640,1993,17.27,Crime
641,2008,127.51,Drama
642,2012,304.36,Action
643,2007,,Drama
644,2000,233.63,Adventure
645,1969,44.79,Drama
646,2008,145.0,Action
647,2013,258.37,Adventure
648,2022,,Drama
649,1990,61.28,Drama
650,2007,130.16,Biography
651,1964,102.27,Comedy
652,2015,161.2,Biography
653,2003,111.11,Action
654,2013,107.1,Action
655,2014,259.77,Action
656,2016,5.88,Comedy
657,2010,93.62,Action
658,2002,121.66,Action
659,2014,222.53,Animation
660,2009,5.01,Drama
661,1990,52.1,Biography
662,2010,0.13,Action
663,2018,32.02,Animation
664,1991,57.5,Crime
665,2021,34.54,Animation
666,2022,,Action
667,2005,119.52,Biography
668,2005,25.51,Action
669,2006,2.28,Adventure
670,1944,,Crime
671,2008,35.74,Biography
672,2009,10.1,Crime
673,2013,0.09,Crime
674,1973,0.06,Adventure
675,1974,4.42,Drama
676,1989,26.83,Biography
677,1999,28.97,Biography
678,1988,34.6,Crime
679,1979,106.26,Drama
680,1993,22.95,Drama
681,2017,40.44,Adventure
682,2016,5.2,Adventure
683,1982,2.5,Comedy
684,1989,,Animation
685,2014,,Biography
686,1973,16.06,Crime
687,2014,177.0,Animation
688,1978,5.1,Horror
689,1976,31.8,Western
690,1968,0.09,Horror
691,1951,,Drama
692,1978,,Drama
693,1983,21.5,Adventure
694,1996,4.04,Drama
695,1999,32.48,Biography
696,1979,37.82,Drama
697,1994,5.89,Biography
698,2006,13.76,Action
699,1955,,Drama
700,1984,34.7,Biography
701,1964,72.0,Drama
702,2005,5.13,Biography
703,1972,42.77,Drama
704,2008,,Action
705,1995,,Animation
706,1989,14.74,Biography
707,1979,45.7,Comedy
708,2007,9.44,Drama
709,2002,0.18,Crime
710,1932,0.63,Drama
711,2017,6.74,Animation
712,1939,,Adventure
713,1964,0.03,Drama
714,1931,,Drama
715,1975,,Adventure
716,2015,0.44,Drama
717,1999,8.26,Comedy
718,1993,5.62,Animation
719,1972,,Action
720,1986,40.08,Comedy
721,1943,,Film-Noir
722,1993,,Animation
723,2009,2.22,Drama
724,1967,56.7,Comedy
725,1944,,Adventure
726,1935,4.36,Drama
727,1948,,Drama
728,2009,2.08,Crime
729,1940,0.3,Comedy
730,1961,2.62,Horror
731,1972,0.2,Comedy
732,1938,,Comedy
733,2001,1.0,Animation
734,1950,,Crime
735,2013,4.23,Drama
736,2016,0.26,Drama
737,1989,,Action
738,1960,,Drama
739,2004,3.64,Comedy
740,1994,21.85,Biography
741,2013,0.28,Drama
742,1989,18.25,Comedy
743,1938,4.66,Comedy
744,2001,0.19,Animation
745,2003,0.13,Animation
746,2011,0.14,Crime
747,2004,2.92,Drama
748,1933,,Comedy
749,1962,,Drama
750,1997,0.0,Action
751,2016,0.29,Animation
752,1935,2.54,Comedy
753,2012,1.67,Comedy
754,2012,0.17,Comedy
755,2017,,Comedy
756,2022,,Drama
757,2018,220.16,Action
758,1971,15.63,Action
759,1985,61.5,Adventure
760,2022,,Comedy
761,2015,46.89,Action
762,2005,290.01,Adventure
763,2022,,Drama
764,2009,277.32,Comedy
765,2003,44.59,Comedy
766,2007,33.08,Crime
767,2010,295.98,Adventure
768,2017,33.8,Crime
769,1992,141.34,Drama
770,2014,128.26,Action
771,2009,75.29,Animation
772,1989,92.82,Comedy
773,2001,183.42,Crime
774,1980,83.4,Comedy
775,2001,108.64,Action
776,2013,2.2,Drama
777,2002,54.23,Action
778,2009,32.39,Comedy
779,1992,75.51,Action
780,1986,8.55,Crime
781,1974,119.5,Comedy
782,1996,56.12,Crime
783,1990,285.76,Comedy
784,2012,132.09,Comedy
785,2014,25.44,Drama
786,2004,77.91,Action
787,1993,9.17,Drama
788,1972,7.06,Adventure
789,2001,76.63,Action
790,2005,83.04,Drama
791,2011,56.82,Comedy
792,1982,47.21,Action
793,2013,228.78,Action
794,2010,200.82,Animation
795,1997,48.32,Drama
796,2009,0.0,Drama
797,2014,257.76,Animation
798,2020,,Drama
799,1999,0.03,Action
800,2001,13.62,Drama
801,2013,274.09,Drama
802,1978,47.0,Horror
803,2000,45.51,Adventure
804,2011,146.41,Action
805,2014,42.34,Comedy
806,1993,77.32,Drama
807,1997,148.48,Comedy
808,2015,3.48,Comedy
809,1995,173.84,Adventure
810,2006,0.33,Crime
811,2007,53.61,Action
812,1997,12.34,Drama
813,1997,41.91,Biography
814,2019,434.04,Animation
815,2012,136.03,Biography
816,1988,156.45,Animation
817,2012,189.42,Animation
818,1960,4.91,Action
819,2002,104.45,Crime
820,2004,54.58,Crime
821,2019,,Drama
822,2014,124.87,Drama
823,2014,35.89,Biography
824,1995,43.18,Drama
825,1987,22.24,Drama
826,1986,7.15,Drama
827,1998,2.81,Comedy
828,1991,82.42,Drama
829,1971,35.9,Action
830,1982,54.0,Drama
831,1993,1.77,Comedy
832,2020,,Drama
833,1992,10.73,Crime
834,2006,0.88,Animation
835,1982,78.91,Action
836,2008,9.03,Drama
837,1973,29.8,Biography
838,2011,0.07,Drama
839,1999,22.86,Comedy
840,1994,3.15,Comedy
841,1988,,Mystery
842,1985,98.47,Drama
843,2004,176.24,Action
844,2002,22.25,Comedy
845,2013,5.21,Animation
846,2006,22.49,Crime
847,2004,17.11,Action
848,2004,75.33,Biography
849,1987,5.92,Comedy
850,1967,0.03,Drama
851,2018,,Drama
852,1964,51.08,Action
853,1967,45.3,Action
854,2013,2.85,Drama
855,2010,1.75,Comedy
856,1962,39.1,Action
857,1973,,Action
858,1980,54.8,Drama
859,1987,43.98,Biography
860,1967,,Action
861,2000,22.0,Drama
862,1992,48.17,Biography
863,1999,52.04,Animation
864,1990,5.08,Crime
865,1973,0.19,Animation
866,2004,51.68,Biography
867,2009,0.55,Crime
868,1952,10.55,Comedy
869,2006,4.4,Drama
870,2015,0.08,Drama
871,1940,76.41,Animation
872,2015,6.74,Comedy
873,1992,,Animation
874,1993,6.11,Comedy
875,1960,0.34,Crime
876,2016,48.02,Animation
877,1996,4.41,Drama
878,2010,0.01,Action
879,1998,7.27,Action
880,2013,17.65,Drama
881,1991,2.02,Comedy
882,1990,1.96,Drama
883,1997,0.37,Drama
884,1964,,Drama
885,1951,0.54,Adventure
886,1956,,Drama
887,2008,18.59,Biography
888,2016,,Comedy
889,1992,,Action
890,1954,21.75,Drama
891,2012,0.18,Drama
892,2001,2.89,Animation
893,1986,1.44,Comedy
894,1991,2.0,Drama
895,1948,,Action
896,2003,4.06,Comedy
897,1967,17.55,Thriller
898,1966,28.35,Biography
899,2014,0.77,Animation
900,1938,,Mystery
901,2003,0.02,Drama
902,2015,1.34,Animation
903,2001,3.03,Comedy
904,1947,,Drama
905,1997,0.19,Drama
906,1932,,Action
907,2004,16.78,Adventure
908,2002,4.89,Drama
909,1962,,Drama
910,2000,,Action
911,2010,,Drama
912,2016,2.4,Drama
913,1997,0.31,Drama
914,2005,0.0,Comedy
915,2001,0.14,Drama
916,2003,7.0,Animation
917,2006,0.41,Drama
918,1955,,Drama
919,1985,10.63,Comedy
920,1997,0.23,Crime
921,2006,,Animation
922,2002,15.54,Drama
923,1962,,Drama
924,1983,11.8,Comedy
925,1992,27.28,Comedy
926,2013,1.33,Drama
927,1975,,Comedy
928,2017,0.31,Animation
929,2007,0.74,Drama
930,2019,142.5,Comedy
931,2001,317.58,Adventure
932,2017,389.81,Action
933,2004,56.0,Horror
934,2000,15.07,Crime
935,2007,121.46,Comedy
936,2009,107.51,Action
937,2018,324.59,Action
938,1997,63.54,Action
939,2011,75.61,Biography
940,2006,210.61,Action
941,1999,10.82,Comedy
942,2018,215.29,Drama
943,1992,52.93,Comedy
944,2014,208.55,Action
945,2014,3.33,Comedy
946,2010,251.51,Animation
947,2010,48.07,Action
948,1987,53.42,Action
949,1973,25.0,Action
950,2004,57.94,Drama
951,2009,255.96,Biography
952,2007,17.11,Crime
953,2007,38.63,Adventure
954,2008,215.43,Animation
955,2001,96.52,Horror
956,2005,380.26,Action
957,2002,132.07,Action
958,2016,27.01,Crime
959,1998,36.4,Drama
960,2010,171.24,Drama
961,2004,1.08,Drama
962,1986,40.46,Drama
963,1985,10.6,Comedy
964,2001,52.36,Comedy
965,2021,,Animation
966,1937,184.93,Animation
967,2007,20.3,Crime
968,1987,65.21,Action
969,1998,120.62,Animation
970,1981,12.47,Action
971,2011,3.19,Drama
972,2018,26.02,Drama
973,2005,23.09,Drama
974,2012,41.0,Action
975,2011,4.11,Action
976,1963,11.4,Drama
977,1967,141.84,Animation
978,1998,17.11,Comedy
979,2008,15.09,Animation
980,1995,100.01,Action
981,2019,,Biography
982,1955,,Drama
983,2011,35.01,Comedy
984,1953,30.5,Drama
985,2001,40.31,Drama
986,2006,17.61,Biography
987,1995,71.52,Drama
988,2006,31.57,Action
989,1954,,Comedy
990,2003,16.29,Crime
991,1974,2.49,Action
992,1991,6.15,Comedy
993,2002,13.06,Drama
994,2007,0.87,Biography
995,2004,6.17,Drama
996,1996,35.81,Biography
997,2013,37.71,Biography
998,1933,,Horror
999,2009,,Action
1000,1994,28.34,
1001,1972,134.97,Drama
1002,2008,534.86,Crime
1003,1993,96.9,Drama
1004,1957,4.36,Drama
1005,1974,57.3,Drama
1006,2003,377.85,Adventure
1007,1994,107.93,Drama
1008,2023,,Action
1009,2010,292.58,Adventure
1010,2001,315.54,Adventure
1011,1999,37.03,
1012,1994,330.25,Romance
1013,1966,6.1,Western
1014,2002,342.55,Adventure
1015,2021,,Drama
1016,2022,,Comedy
1017,2014,188.02,Drama
1018,1990,46.84,Crime
1019,1999,171.48,Sci-Fi
1020,1975,112.0,
1021,1980,290.48,Adventure
1022,2022,,Drama
1023,2020,,Drama
1024,2023,,Drama
1025,1991,130.74,Drama
1026,1995,100.13,Drama
1027,1998,216.54,War
1028,1991,204.84,Sci-Fi
1029,1999,136.8,Drama
1030,1977,322.74,Adventure
1031,2002,7.56,Drama
1032,2001,10.06,Adventure
1033,1997,57.6,Drama
1034,1946,,Family
1035,1954,0.27,Drama
1036,1962,,Drama
1037,2022,,Drama
1038,2006,53.09,Mystery
1039,1985,210.61,Comedy
1040,2006,132.38,Drama
1041,1979,78.9,Sci-Fi
1042,2019,53.37,Thriller
1043,2000,187.71,Adventure
1044,2014,13.09,Music
1045,1994,19.5,Crime
1046,2002,32.57,Drama
1047,1995,23.34,Drama
1048,1994,422.78,Adventure
1049,1998,6.72,Drama
1050,1960,32.0,Mystery
1051,1988,,Drama
1052,2011,13.18,Comedy
1053,1942,1.02,Romance
1054,1968,5.32,
1055,1954,36.76,Thriller
1056,1988,11.99,Romance
1057,1936,0.16,Drama
1058,1931,0.02,Drama
1059,2018,,Romance
1060,2018,190.24,Action
1061,2012,448.14,Drama
1062,2000,25.54,Thriller
1063,2019,335.45,Drama
1064,2019,858.37,Adventure
1065,2012,162.81,Western
1066,1981,248.16,Adventure
1067,2003,0.71,Drama
1068,1980,44.02,Horror
1069,1986,85.16,Adventure
1070,1979,83.47,Mystery
1071,2018,678.82,Adventure
1072,1984,51.97,Drama
1073,1985,,Thriller
1074,2016,5.02,Drama
1075,2017,209.73,Adventure
1076,1964,0.28,War
1077,2008,223.81,Adventure
1078,2006,11.29,Mystery
1079,2009,6.53,Drama
1080,2018,1.66,
1081,1981,11.49,War
1082,1950,,Film-Noir
1083,1957,,War
1084,1957,8.18,Drama
1085,1940,0.29,Drama
1086,1963,,Drama
1087,2021,,Crime
1088,2019,,Adventure
1089,2019,,Drama
1090,2021,,Drama
1091,2022,718.73,Drama
1092,2009,120.54,Drama
1093,1995,67.44,Crime
1094,1999,130.1,
1095,1997,138.43,Romance
1096,2000,3.64,
1097,1983,45.6,Drama
1098,1968,56.95,Sci-Fi
1099,1984,5.32,Drama
1100,1995,75.6,Drama
1101,1971,6.21,Sci-Fi
1102,2004,34.4,Romance
1103,1992,2.83,Thriller
1104,1987,46.36,War
1105,2012,0.69,
1106,1997,2.38,Action
1107,2010,6.86,Mystery
1108,1952,8.82,Musical
1109,1995,191.8,Adventure
1110,2020,,Drama
1111,2009,293.0,Adventure
1112,2001,33.23,Romance
1113,1983,309.13,Adventure
1114,2010,415.0,Adventure
1115,1958,3.2,Romance
1116,1962,44.82,Biography
1117,1941,1.59,Mystery
1118,1962,,Drama
1119,1959,13.28,Adventure
1120,1927,1.24,Sci-Fi
1121,1973,159.6,Crime
1122,1960,18.6,Drama
1123,2011,7.1,
1124,1931,0.03,Mystery
1125,2016,12.39,Biography
1126,1952,0.06,
1127,1944,5.72,Drama
1128,1961,,War
1129,2007,1.22,Family
1130,2022,,Adventure
1131,1948,0.33,
1132,2022,,Crime
1133,2022,6.6,Crime
1134,2017,,Drama
1135,2018,,Crime
1136,2021,,Biography
1137,2019,0.9,Drama
1138,2013,,Drama
1139,2013,116.9,Comedy
1140,2021,804.75,Adventure
1141,1993,402.45,Adventure
1142,2007,74.28,Drama
1143,2005,206.85,Crime
1144,2010,128.01,Thriller
1145,2007,40.22,
1146,1976,28.26,Drama
1147,1998,125.62,Drama
1148,1989,197.17,Adventure
1149,2000,30.33,Crime
1150,2003,70.1,Crime
1151,2019,159.23,Drama
1152,1992,101.16,Western
1153,2003,380.84,Adventure
1154,1995,42.44,Drama
1155,1982,13.78,Mystery
1156,1999,293.51,Mystery
1157,2018,85.08,Comedy
1158,2004,4.71,Adventure
1159,1988,83.01,Thriller
1160,2005,70.51,Drama
1161,2001,170.74,Drama
1162,1997,64.62,Drama
1163,1963,12.1,Drama
1164,1974,,Mystery
1165,2020,,Mystery
1166,2004,5.51,Drama
1167,2006,37.63,Fantasy
1168,1939,198.68,Romance
1169,1965,15.0,Western
1170,1975,1.23,Comedy
1171,1980,,Drama
1172,1959,25.0,Music
1173,2009,6.39,Mystery
1174,1985,4.14,Drama
1175,2018,,Fantasy
1176,1953,,Drama
1177,2020,47.7,Action
1178,1954,0.01,Thriller
1179,1950,0.01,
1180,1950,0.1,Drama
1181,2019,,Adventure
1182,1947,5.01,Drama
1183,2022,,Drama
1184,1961,,Drama
1185,2011,3.11,Drama
1186,2019,,
1187,1969,0.08,Drama
1188,2004,1.22,Musical
1189,1997,0.93,Family
1190,2018,1.37,Mystery
1191,2015,0.74,Drama
1192,1921,5.45,Drama
1193,1955,0.54,
1194,1942,,Romance
1195,1928,0.02,Drama
1196,2012,,Comedy
1197,2018,,Crime
1198,2017,20.19,Drama
1199,2005,,Family
1200,1975,,Biography
1201,1924,0.98,Comedy
1202,2019,4.19,Drama
1203,1952,0.07,
1204,2017,,Crime
1205,2012,0.04,Biography
1206,2018,3.51,Drama
1207,2013,1.63,Drama
1208,1973,232.91,
1209,1975,260.0,Mystery
1210,2013,61.0,Drama
1211,1986,52.29,Drama
1212,2015,154.06,Adventure
1213,2014,167.77,Mystery
1214,2016,67.21,Drama
1215,2003,305.41,Adventure
1216,2014,59.1,Comedy
1217,1982,32.87,Drama
1218,1984,38.4,Sci-Fi
1219,1996,24.61,Thriller
1220,2011,381.01,Family
1221,2019,117.62,Biography
1222,2007,206.45,Adventure
1223,1998,17.5,Crime
1224,2002,164.62,Crime
1225,2011,169.71,
1226,2017,226.28,Drama
1227,2016,2.01,Romance
1228,2017,54.51,Crime
1229,2007,18.35,Biography
1230,1989,95.86,Drama
1231,1939,2.08,Family
1232,1986,138.53,War
1233,1996,16.5,
1234,2003,0.01,Drama
1235,1976,117.24,Sport
1236,2015,356.46,Adventure
1237,1965,163.21,Drama
1238,2008,148.1,
1239,1995,5.54,Romance
1240,1978,48.98,War
1241,1957,,Fantasy
1242,2011,13.66,Drama
1243,2013,26.95,Biography
1244,2015,45.06,Crime
1245,1998,3.9,Comedy
1246,2001,289.92,Adventure
1247,2000,2.73,Romance
1248,2019,3.76,Romance
1249,2015,14.68,Thriller
1250,2010,217.58,Action
1251,1995,0.31,Drama
1252,2013,56.67,Drama
1253,1980,23.38,Drama
1254,1967,16.22,Drama
1255,1979,0.23,Sci-Fi
1256,2004,100.49,Sport
1257,1975,,Drama
1258,2009,,Drama
1259,1984,2.18,
1260,1988,1.11,Comedy
1261,1999,23.16,Action
1262,2012,0.92,Drama
1263,2004,5.82,Romance
1264,2000,5.38,Thriller
1265,2014,3.11,Drama
1266,1959,74.7,Drama
1267,1966,,Thriller
1268,1993,25.01,Crime
1269,1976,,
1270,1949,0.45,Mystery
1271,1957,44.91,Drama
1272,2016,,Drama
1273,1954,9.6,Drama
1274,1940,4.36,Film-Noir
1275,1997,,Action
1276,1962,,Western
1277,2004,23.53,Drama
1278,1973,30.93,Crime
1279,1946,23.65,Romance
1280,1998,1.65,
1281,1934,4.36,Romance
1282,2009,,Comedy
1283,2014,10.62,Drama
1284,1940,0.06,
1285,1930,3.27,War
1286,1957,,Romance
1287,1982,4.97,
1288,1994,4.04,Mystery
1289,1993,5.22,Music
1290,1959,,Drama
1291,1974,13.34,Romance
1292,1953,,
1293,2000,1.14,Romance
1294,1948,10.9,Music
1295,2001,0.07,Musical
1296,1995,0.17,Drama
1297,2015,8.18,Adventure
1298,1966,0.1,Drama
1299,1976,,Drama
1300,1960,,Drama
1301,1957,,
1302,1939,9.6,Drama
1303,1966,0.06,War
1304,2001,0.3,Drama
1305,2014,0.17,
1306,2003,,Drama
1307,1955,1.09,Drama
1308,1958,,Adventure
1309,1926,1.03,Adventure
1310,1957,0.75,
1311,2012,,Drama
1312,1949,,Crime
1313,2015,,
1314,2007,1.11,Family
1315,1951,3.97,Film-Noir
1316,2015,0.34,Drama
1317,1960,1.53,
1318,2008,,Crime
1319,2006,2.2,Crime
1320,1955,0.06,Drama
1321,1927,0.54,Romance
1322,1978,,Music
1323,2012,2.8,Drama
1324,1991,2.6,Romance
1325,1925,5.45,Comedy
1326,2016,1.24,Drama
1327,1975,,Adventure
1328,1988,0.28,Crime
1329,2019,,Drama
1330,1937,0.17,War
1331,1986,4.94,Drama
1332,1971,,Musical
1333,2013,0.14,War
1334,2000,,Comedy
1335,1928,,Family
1336,1996,,Drama
1337,1999,,Crime
1338,2010,0.01,
1339,2012,1.04,Thriller
1340,2013,1.43,Comedy
1341,2005,0.73,
1342,1998,,Drama
1343,2023,,Adventure
1344,2023,,Adventure
1345,2021,108.33,Adventure
1346,2014,333.18,Adventure
1347,2017,92.05,Drama
1348,2016,151.1,Drama
1349,2016,363.07,Comedy
1350,2010,106.95,Thriller
1351,1987,30.86,Comedy
1352,2014,91.13,Drama
1353,2015,183.64,Adventure
1354,2001,1.48,Mystery
1355,2013,25.57,Romance
1356,2021,,Drama
1357,2015,228.43,Drama
1358,2006,167.45,Adventure
1359,2012,623.28,Sci-Fi
1360,1990,184.21,Drama
1361,2005,74.1,Thriller
1362,1974,86.3,
1363,2004,261.44,Action
1364,2016,341.27,Adventure
1365,1991,70.41,History
1366,2010,138.8,Drama
1367,1993,70.91,Drama
1368,1968,,Horror
1369,1988,178.8,
1370,2004,66.21,Crime
1371,1992,63.9,
1372,2020,,Adventure
1373,2003,1.53,Drama
1374,1992,217.35,Adventure
1375,1999,22.46,
1376,1995,57.14,Sci-Fi
1377,1967,104.95,Drama
1378,1989,27.55,Drama
1379,2003,66.26,Drama
1380,2006,163.57,Drama
1381,1968,33.4,Sci-Fi
1382,1999,6.2,Drama
1383,1975,50.0,Crime
1384,1947,,Drama
1385,2006,57.37,Drama
1386,2008,141.32,Drama
1387,1988,0.55,Action
1388,1991,218.97,Family
1389,2016,,Drama
1390,1997,0.78,Crime
1391,1994,0.6,Crime
1392,1969,102.31,Crime
1393,1977,39.2,Romance
1394,2016,51.74,Drama
1395,1979,20.05,
1396,2014,3.49,
1397,1972,,Mystery
1398,1996,24.48,
1399,1959,12.54,Western
1400,2007,227.47,Mystery
1401,1973,53.27,Crime
1402,1955,0.65,Drama
1403,1971,29.13,Romance
1404,2008,,Biography
1405,2005,61.65,Drama
1406,1953,,Romance
1407,1963,0.05,
1408,1984,0.5,Adventure
1409,1986,,Adventure
1410,1960,19.52,Drama
1411,1982,52.77,Drama
1412,1987,3.33,Fantasy
1413,1982,22.24,Fantasy
1414,1975,0.18,Drama
1415,1971,80.5,Family
1416,1962,4.05,Horror
1417,1941,2.11,Film-Noir
1418,1961,8.28,Sport
1419,1982,,Drama
1420,1959,11.9,Mystery
1421,1952,9.45,Thriller
1422,1963,,History
1423,2002,0.17,Crime
1424,1967,0.04,Drama
1425,1966,,
1426,2020,,Action
1427,1945,,Romance
1428,1958,2.24,Drama
1429,1996,13.42,Drama
1430,2013,1.51,Drama
1431,1920,,Mystery
1432,2015,6.74,Drama
1433,1998,0.26,Music
1434,2007,0.01,Crime
1435,1983,0.01,
1436,2014,0.86,Adventure
1437,2001,,Drama
1438,2004,0.68,
1439,1953,,Drama
1440,2020,,History
1441,1957,,Film-Noir
1442,2004,2.09,Drama
1443,2007,5.99,Drama
1444,1987,4.54,War
1445,1972,1.74,
1446,1972,4.08,Thriller
1447,2007,4.45,Biography
1448,1962,,War
1449,2008,1.5,
1450,2003,2.38,Romance
1451,1998,0.35,Crime
1452,1995,,Romance
1453,1954,,
1454,1940,0.2,Drama
1455,2018,0.03,
1456,1962,,Fantasy
1457,1962,,Drama
1458,2014,0.9,Crime
1459,2010,0.1,Crime
1460,1949,,Crime
1461,1998,5.6,
1462,1945,,Thriller
1463,2004,,Comedy
1464,2004,1.11,Drama
1465,1994,,Comedy
1466,1963,,
1467,2016,1.78,Drama
1468,2006,2.22,Drama
1469,2009,,Drama
1470,2001,,Drama
1471,2013,1.08,Drama
1472,1997,659.33,Romance
1473,2022,168.46,Adventure
1474,2019,165.36,Crime
1475,1997,26.4,
1476,2009,760.51,Adventure
1477,2014,100.21,Adventure
1478,2021,,Adventure
1479,2004,249.36,Family
1480,2016,100.55,Mystery
1481,2009,257.73,Adventure
1482,2008,318.41,Adventure
1483,2001,7.22,Mystery
1484,1993,75.08,Family
1485,2018,216.43,Drama
1486,2019,33.37,Drama
1487,1993,12.28,Drama
1488,2009,21.0,Adventure
1489,2000,32.53,Comedy
1490,2012,17.74,
1491,1982,435.11,Family
1492,2001,267.67,Adventure
1493,2017,315.06,Adventure
1494,2004,13.54,Horror
1495,2003,90.14,Drama
1496,2009,115.65,Sci-Fi
1497,2019,2.0,Romance
1498,1980,57.23,Adventure
1499,2006,35.55,Drama
1500,2008,7.76,Crime
1501,2014,233.92,Adventure
1502,2013,27.3,Drama
1503,1990,56.36,Fantasy
1504,2014,25.38,
1505,2017,132.42,Family
1506,1964,14.5,Drama
1507,1985,9.93,Sci-Fi
1508,1999,245.85,Adventure
1509,2012,124.99,Drama
1510,1984,4.74,Music
1511,1956,93.74,Drama
1512,1967,24.38,Mystery
1513,1993,36.95,Drama
1514,1960,30.0,Biography
1515,1995,0.52,Action
1516,1922,,Horror
1517,2000,128.08,Adventure
1518,2013,8.11,Romance
1519,2008,2.12,Fantasy
1520,2008,26.24,Sport
1521,1938,3.98,Adventure
1522,1965,111.72,Romance
1523,1979,30.18,Drama
1524,1993,4.5,Drama
1525,1963,13.47,Mystery
1526,1976,70.6,History
1527,2013,1.01,
1528,1970,61.7,Drama
1529,1956,,Drama
1530,1934,,Crime
1531,1969,12.06,Adventure
1532,1956,,Drama
1533,1951,8.0,
1534,2014,2.63,Crime
1535,2002,53.71,Adventure
1536,2018,3.31,Drama
1537,2000,4.18,Drama
1538,1933,10.0,Horror
1539,2011,44.67,Drama
1540,1962,,Thriller
1541,1946,10.46,Film-Noir
1542,1983,20.61,Family
1543,1971,,Drama
1544,2019,,Biography
1545,2016,3.24,Drama
1546,1951,7.63,Drama
1547,1993,1.32,Music
1548,1994,2.2,Drama
1549,2012,6.74,
1550,1948,,Drama
1551,1946,6.54,Film-Noir
1552,1986,0.3,
1553,1944,,Crime
1554,1970,0.54,
1555,2017,1.53,Drama
1556,1968,22.28,Drama
1557,2004,,Romance
1558,1940,,Romance
1559,1950,,Drama
1560,2002,9.36,Mystery
1561,2004,0.24,Drama
1562,1958,17.57,
1563,1967,,Crime
1564,1944,4.36,Film-Noir
1565,1973,0.58,Drama
1566,1953,,Film-Noir
1567,1959,0.09,Romance
1568,2019,5.57,Music
1569,1980,,History
1570,2010,4.02,Drama
1571,1950,,Film-Noir
1572,1945,,Drama
1573,2003,1.79,Drama
1574,2009,0.11,Mystery
1575,1970,0.37,Drama
1576,2014,0.1,Romance
1577,1945,9.46,Film-Noir
1578,1947,2.65,Drama
1579,1925,0.05,History
1580,2007,1.19,
1581,2000,1.22,Drama
1582,1941,,Comedy
1583,2003,0.5,
1584,1958,0.11,Drama
1585,1961,,
1586,2001,1.06,Drama
1587,1946,0.3,Fantasy
1588,2005,,Drama
1589,2009,0.01,Drama
1590,1939,,Drama
1591,2018,1.66,Drama
1592,2019,2.27,Drama
1593,2018,,Drama
1594,2016,,Drama
1595,2007,0.41,Drama
1596,2015,,Crime
1597,2023,,Crime
1598,2017,188.37,Drama
1599,2022,369.35,Crime
1600,2022,72.86,Adventure
1601,2005,38.41,Romance
1602,2011,35.06,Drama
1603,2019,108.1,Romance
1604,2004,81.0,Romance
1605,1984,238.63,Comedy
1606,2015,70.26,Comedy
1607,1986,70.14,
1608,2019,36.47,Comedy
1609,1993,56.51,Drama
1610,1985,45.88,Drama
1611,2022,,Drama
1612,2017,176.04,Mystery
1613,1987,59.74,Adventure
1614,2019,7.0,Crime
1615,2011,102.52,Drama
1616,2015,54.12,Drama
1617,1993,183.88,Crime
1618,2013,15.32,Drama
1619,2017,18.1,Romance
1620,1971,4.0,Fantasy
1621,2012,303.0,Fantasy
1622,2022,14.5,Drama
1623,2007,23.64,Comedy
1624,2014,32.38,Drama
1625,2007,50.93,Mystery
1626,2021,,Drama
1627,2016,47.7,
1628,2006,50.87,Adventure
1629,2010,96.96,Drama
1630,2016,532.18,Adventure
1631,1987,76.27,Drama
1632,2006,59.89,Drama
1633,2016,169.61,Drama
1634,1993,32.42,Drama
1635,1989,118.5,Comedy
1636,2015,936.66,Adventure
1637,2012,45.51,Drama
1638,2016,408.08,Sci-Fi
1639,2000,115.65,Drama
1640,1993,17.27,Drama
1641,2008,127.51,Fantasy
1642,2012,304.36,Adventure
1643,2007,,Fantasy
1644,2000,233.63,Drama
1645,1969,44.79,
1646,2008,145.0,Crime
1647,2013,258.37,Drama
1648,2022,,
1649,1990,61.28,Thriller
1650,2007,130.16,Crime
1651,1964,102.27,Family
1652,2015,161.2,Drama
1653,2003,111.11,Drama
1654,2013,107.1,Biography
1655,2014,259.77,Adventure
1656,2016,5.88,Drama
1657,2010,93.62,Biography
1658,2002,121.66,Mystery
1659,2014,222.53,Action
1660,2009,5.01,Mystery
1661,1990,52.1,Drama
1662,2010,0.13,Crime
1663,2018,32.02,Adventure
1664,1991,57.5,Drama
1665,2021,34.54,Action
1666,2022,,Adventure
1667,2005,119.52,Drama
1668,2005,25.51,Adventure
1669,2006,2.28,Drama
1670,1944,,Drama
1671,2008,35.74,Crime
1672,2009,10.1,Drama
1673,2013,0.09,Drama
1674,1973,0.06,Drama
1675,1974,4.42,Mystery
1676,1989,26.83,Drama
1677,1999,28.97,Drama
1678,1988,34.6,Drama
1679,1979,106.26,
1680,1993,22.95,Romance
1681,2017,40.44,Comedy
1682,2016,5.2,Comedy
1683,1982,2.5,Crime
1684,1989,,Family
1685,2014,,Comedy
1686,1973,16.06,Drama
1687,2014,177.0,Action
1688,1978,5.1,Thriller
1689,1976,31.8,
1690,1968,0.09,Thriller
1691,1951,,Sci-Fi
1692,1978,,Romance
1693,1983,21.5,Biography
1694,1996,4.04,
1695,1999,32.48,Drama
1696,1979,37.82,Music
1697,1994,5.89,Comedy
1698,2006,13.76,Adventure
1699,1955,,
1700,1984,34.7,Drama
1701,1964,72.0,Family
1702,2005,5.13,Drama
1703,1972,42.77,Music
1704,2008,,Crime
1705,1995,,Drama
1706,1989,14.74,Drama
1707,1979,45.7,Drama
1708,2007,9.44,Music
1709,2002,0.18,Drama
1710,1932,0.63,Horror
1711,2017,6.74,Drama
1712,1939,,Drama
1713,1964,0.03,Musical
1714,1931,,Horror
1715,1975,,War
1716,2015,0.44,History
1717,1999,8.26,Drama
1718,1993,5.62,Action
1719,1972,,Adventure
1720,1986,40.08,Drama
1721,1943,,Thriller
1722,1993,,Action
1723,2009,2.22,Mystery
1724,1967,56.7,Drama
1725,1944,,Comedy
1726,1935,4.36,Horror
1727,1948,,Western
1728,2009,2.08,Drama
1729,1940,0.3,Drama
1730,1961,2.62,
1731,1972,0.2,
1732,1938,,
1733,2001,1.0,Action
1734,1950,,Drama
1735,2013,4.23,Romance
1736,2016,0.26,
1737,1989,,Crime
1738,1960,,Mystery
1739,2004,3.64,Drama
1740,1994,21.85,Comedy
1741,2013,0.28,
1742,1989,18.25,Drama
1743,1938,4.66,Drama
1744,2001,0.19,Drama
1745,2003,0.13,Adventure
1746,2011,0.14,Drama
1747,2004,2.92,Family
1748,1933,,Musical
1749,1962,,
1750,1997,0.0,Crime
1751,2016,0.29,Comedy
1752,1935,2.54,Music
1753,2012,1.67,Drama
1754,2012,0.17,Romance
1755,2017,,Drama
1756,2022,,
1757,2018,220.16,Adventure
1758,1971,15.63,Crime
1759,1985,61.5,Comedy
1760,2022,,Drama
1761,2015,46.89,Crime
1762,2005,290.01,Family
1763,2022,,
1764,2009,277.32,
1765,2003,44.59,Drama
1766,2007,33.08,Drama
1767,2010,295.98,Family
1768,2017,33.8,Drama
1769,1992,141.34,Thriller
1770,2014,128.26,Adventure
1771,2009,75.29,Drama
1772,1989,92.82,Drama
1773,2001,183.42,Thriller
1774,1980,83.4,
1775,2001,108.64,Drama
1776,2013,2.2,Romance
1777,2002,54.23,Adventure
1778,2009,32.39,Drama
1779,1992,75.51,Adventure
1780,1986,8.55,Drama
1781,1974,119.5,Western
1782,1996,56.12,Drama
1783,1990,285.76,Family
1784,2012,132.09,Drama
1785,2014,25.44,Sci-Fi
1786,2004,77.91,Crime
1787,1993,9.17,
1788,1972,7.06,Drama
1789,2001,76.63,Crime
1790,2005,83.04,Romance
1791,2011,56.82,Fantasy
1792,1982,47.21,Adventure
1793,2013,228.78,Adventure
1794,2010,200.82,Adventure
1795,1997,48.32,Mystery
1796,2009,0.0,Fantasy
1797,2014,257.76,Action
1798,2020,,
1799,1999,0.03,Thriller
1800,2001,13.62,
1801,2013,274.09,Sci-Fi
1802,1978,47.0,Thriller
1803,2000,45.51,Comedy
1804,2011,146.41,Sci-Fi
1805,2014,42.34,Drama
1806,1993,77.32,
1807,1997,148.48,Drama
1808,2015,3.48,Drama
1809,1995,173.84,Drama
1810,2006,0.33,Drama
1811,2007,53.61,Crime
1812,1997,12.34,Sci-Fi
1813,1997,41.91,Crime
1814,2019,434.04,Adventure
1815,2012,136.03,Drama
1816,1988,156.45,Adventure
1817,2012,189.42,Adventure
1818,1960,4.91,Adventure
1819,2002,104.45,Drama
1820,2004,54.58,Drama
1821,2019,,Music
1822,2014,124.87,Romance
1823,2014,35.89,Drama
1824,1995,43.18,Romance
1825,1987,22.24,War
1826,1986,7.15,Mystery
1827,1998,2.81,Drama
1828,1991,82.42,
1829,1971,35.9,Crime
1830,1982,54.0,
1831,1993,1.77,Drama
1832,2020,,History
1833,1992,10.73,Drama
1834,2006,0.88,Drama
1835,1982,78.91,Adventure
1836,2008,9.03,War
1837,1973,29.8,Crime
1838,2011,0.07,
1839,1999,22.86,Drama
1840,1994,3.15,
1841,1988,,Thriller
1842,1985,98.47,
1843,2004,176.24,Mystery
1844,2002,22.25,Drama
1845,2013,5.21,Biography
1846,2006,22.49,Drama
1847,2004,17.11,Comedy
1848,2004,75.33,Drama
1849,1987,5.92,Horror
1850,1967,0.03,Romance
1851,2018,,
1852,1964,51.08,Adventure
1853,1967,45.3,Adventure
1854,2013,2.85,
1855,2010,1.75,Drama
1856,1962,39.1,Drama
1857,1973,,Crime
1858,1980,54.8,
1859,1987,43.98,Drama
1860,1967,,Biography
1861,2000,22.0,Music
1862,1992,48.17,Drama
1863,1999,52.04,Comedy
1864,1990,5.08,Drama
1865,1973,0.19,Sci-Fi
1866,2004,51.68,Drama
1867,2009,0.55,Drama
1868,1952,10.55,Drama
1869,2006,4.4,Thriller
1870,2015,0.08,War
1871,1940,76.41,Family
1872,2015,6.74,Drama
1873,1992,,Adventure
1874,1993,6.11,Drama
1875,1960,0.34,Drama
1876,2016,48.02,Action
1877,1996,4.41,
1878,2010,0.01,Crime
1879,1998,7.27,Crime
1880,2013,17.65,
1881,1991,2.02,Drama
1882,1990,1.96,Fantasy
1883,1997,0.37,Mystery
1884,1964,,History
1885,1951,0.54,Drama
1886,1956,,Horror
1887,2008,18.59,Drama
1888,2016,,Drama
1889,1992,,Crime
1890,1954,21.75,War
1891,2012,0.18,Music
1892,2001,2.89,Drama
1893,1986,1.44,Crime
1894,1991,2.0,Fantasy
1895,1948,,Crime
1896,2003,4.06,Drama
1897,1967,17.55,
1898,1966,28.35,Drama
1899,2014,0.77,Drama
1900,1938,,Thriller
1901,2003,0.02,
1902,2015,1.34,Adventure
1903,2001,3.03,Drama
1904,1947,,
1905,1997,0.19,Romance
1906,1932,,Crime
1907,2004,16.78,Biography
1908,2002,4.89,
1909,1962,,Thriller
1910,2000,,Drama
1911,2010,,Thriller
1912,2016,2.4,Thriller
1913,1997,0.31,
1914,2005,0.0,Crime
1915,2001,0.14,Thriller
1916,2003,7.0,Adventure
1917,2006,0.41,
1918,1955,,Romance
1919,1985,10.63,Fantasy
1920,1997,0.23,Drama
1921,2006,,Adventure
1922,2002,15.54,
1923,1962,,Romance
1924,1983,11.8,
1925,1992,27.28,Drama
1926,2013,1.33,Mystery
1927,1975,,War
1928,2017,0.31,Drama
1929,2007,0.74,
1930,2019,142.5,Drama
1931,2001,317.58,Family
1932,2017,389.81,Adventure
1933,2004,56.0,Mystery
1934,2000,15.07,Drama
1935,2007,121.46,
1936,2009,107.51,Drama
1937,2018,324.59,Adventure
1938,1997,63.54,Adventure
1939,2011,75.61,Drama
1940,2006,210.61,Drama
1941,1999,10.82,
1942,2018,215.29,Music
1943,1992,52.93,Crime
1944,2014,208.55,Adventure
1945,2014,3.33,Horror
1946,2010,251.51,Adventure
1947,2010,48.07,Comedy
1948,1987,53.42,Crime
1949,1973,25.0,Crime
1950,2004,57.94,Sci-Fi
1951,2009,255.96,Drama
1952,2007,17.11,Drama
1953,2007,38.63,Family
1954,2008,215.43,Action
1955,2001,96.52,Mystery
1956,2005,380.26,Adventure
1957,2002,132.07,Crime
1958,2016,27.01,Drama
1959,1998,36.4,History
1960,2010,171.24,Western
1961,2004,1.08,Thriller
1962,1986,40.46,Horror
1963,1985,10.6,Crime
1964,2001,52.36,Drama
1965,2021,,Adventure
1966,1937,184.93,Adventure
1967,2007,20.3,Drama
1968,1987,65.21,Crime
1969,1998,120.62,Adventure
1970,1981,12.47,Adventure
1971,2011,3.19,Horror
1972,2018,26.02,Mystery
1973,2005,23.09,Romance
1974,2012,41.0,Adventure
1975,2011,4.11,Crime
1976,1963,11.4,Horror
1977,1967,141.84,Adventure
1978,1998,17.11,Drama
1979,2008,15.09,Adventure
1980,1995,100.01,Adventure
1981,2019,,Drama
1982,1955,,
1983,2011,35.01,Drama
1984,1953,30.5,Romance
1985,2001,40.31,
1986,2006,17.61,Drama
1987,1995,71.52,Romance
1988,2006,31.57,Drama
1989,1954,,Drama
1990,2003,16.29,Drama
1991,1974,2.49,Crime
1992,1991,6.15,Drama
1993,2002,13.06,
1994,2007,0.87,Drama
1995,2004,6.17,Mystery
1996,1996,35.81,Drama
1997,2013,37.71,Comedy
1998,1933,,Sci-Fi
1999,2009,,Crime
2000,1994,28.34,
2001,1972,134.97,
2002,2008,534.86,Drama
2003,1993,96.9,History
2004,1957,4.36,
2005,1974,57.3,
2006,2003,377.85,Drama
2007,1994,107.93,
2008,2023,,Adventure
2009,2010,292.58,Sci-Fi
2010,2001,315.54,Drama
2011,1999,37.03,
2012,1994,330.25,
2013,1966,6.1,
2014,2002,342.55,Drama
2015,2021,,Mystery
2016,2022,,Drama
2017,2014,188.02,Sci-Fi
2018,1990,46.84,Drama
2019,1999,171.48,
2020,1975,112.0,
2021,1980,290.48,Fantasy
2022,2022,,
2023,2020,,
2024,2023,,History
2025,1991,130.74,Thriller
2026,1995,100.13,Mystery
2027,1998,216.54,
2028,1991,204.84,
2029,1999,136.8,Fantasy
2030,1977,322.74,Fantasy
2031,2002,7.56,
2032,2001,10.06,Family
2033,1997,57.6,Romance
2034,1946,,Fantasy
2035,1954,0.27,
2036,1962,,Mystery
2037,2022,,Mystery
2038,2006,53.09,Sci-Fi
2039,1985,210.61,Sci-Fi
2040,2006,132.38,Thriller
2041,1979,78.9,
2042,2019,53.37,
2043,2000,187.71,Drama
2044,2014,13.09,
2045,1994,19.5,Drama
2046,2002,32.57,Music
2047,1995,23.34,Mystery
2048,1994,422.78,Drama
2049,1998,6.72,
2050,1960,32.0,Thriller
2051,1988,,War
2052,2011,13.18,Drama
2053,1942,1.02,War
2054,1968,5.32,
2055,1954,36.76,
2056,1988,11.99,
2057,1936,0.16,Romance
2058,1931,0.02,Romance
2059,2018,,
2060,2018,190.24,Adventure
2061,2012,448.14,Thriller
2062,2000,25.54,
2063,2019,335.45,Thriller
2064,2019,858.37,Drama
2065,2012,162.81,
2066,1981,248.16,
2067,2003,0.71,Mystery
2068,1980,44.02,
2069,1986,85.16,Sci-Fi
2070,1979,83.47,War
2071,2018,678.82,Sci-Fi
2072,1984,51.97,Music
2073,1985,,War
2074,2016,5.02,Fantasy
2075,2017,209.73,Drama
2076,1964,0.28,
2077,2008,223.81,Family
2078,2006,11.29,Thriller
2079,2009,6.53,
2080,2018,1.66,
2081,1981,11.49,
2082,1950,,
2083,1957,,
2084,1957,8.18,Mystery
2085,1940,0.29,War
2086,1963,,Mystery
2087,2021,,Drama
2088,2019,,Crime
2089,2019,,
2090,2021,,Thriller
2091,2022,718.73,
2092,2009,120.54,War
2093,1995,67.44,Drama
2094,1999,130.1,
2095,1997,138.43,
2096,2000,3.64,
2097,1983,45.6,
2098,1968,56.95,
2099,1984,5.32,
2100,1995,75.6,History
2101,1971,6.21,
2102,2004,34.4,Sci-Fi
2103,1992,2.83,
2104,1987,46.36,
2105,2012,0.69,
2106,1997,2.38,Adventure
2107,2010,6.86,War
2108,1952,8.82,Romance
2109,1995,191.8,Comedy
2110,2020,,History
2111,2009,293.0,Comedy
2112,2001,33.23,
2113,1983,309.13,Fantasy
2114,2010,415.0,Comedy
2115,1958,3.2,Thriller
2116,1962,44.82,Drama
2117,1941,1.59,
2118,1962,,
2119,1959,13.28,Mystery
2120,1927,1.24,
2121,1973,159.6,Drama
2122,1960,18.6,Romance
2123,2011,7.1,
2124,1931,0.03,Thriller
2125,2016,12.39,Drama
2126,1952,0.06,
2127,1944,5.72,Film-Noir
2128,1961,,
2129,2007,1.22,
2130,2022,,Drama
2131,1948,0.33,
2132,2022,,Thriller
2133,2022,6.6,Drama
2134,2017,,History
2135,2018,,Drama
2136,2021,,Drama
2137,2019,0.9,Romance
2138,2013,,Thriller
2139,2013,116.9,Crime
2140,2021,804.75,Fantasy
2141,1993,402.45,Sci-Fi
2142,2007,74.28,Thriller
2143,2005,206.85,Drama
2144,2010,128.01,
2145,2007,40.22,
2146,1976,28.26,
2147,1998,125.62,
2148,1989,197.17,
2149,2000,30.33,
2150,2003,70.1,Thriller
2151,2019,159.23,War
2152,1992,101.16,
2153,2003,380.84,Comedy
2154,1995,42.44,
2155,1982,13.78,Sci-Fi
2156,1999,293.51,Thriller
2157,2018,85.08,Drama
2158,2004,4.71,Family
2159,1988,83.01,
2160,2005,70.51,Sci-Fi
2161,2001,170.74,
2162,1997,64.62,Mystery
2163,1963,12.1,History
2164,1974,,Thriller
2165,2020,,
2166,2004,5.51,History
2167,2006,37.63,War
2168,1939,198.68,War
2169,1965,15.0,
2170,1975,1.23,Fantasy
2171,1980,,
2172,1959,25.0,Romance
2173,2009,6.39,Romance
2174,1985,4.14,War
2175,2018,,Horror
2176,1953,,Thriller
2177,2020,47.7,Adventure
2178,1954,0.01,
2179,1950,0.01,
2180,1950,0.1,Mystery
2181,2019,,Comedy
2182,1947,5.01,Western
2183,2022,,Mystery
2184,1961,,Thriller
2185,2011,3.11,Musical
2186,2019,,
2187,1969,0.08,Thriller
2188,2004,1.22,
2189,1997,0.93,Sport
2190,2018,1.37,Thriller
2191,2015,0.74,Mystery
2192,1921,5.45,Family
2193,1955,0.54,
2194,1942,,War
2195,1928,0.02,History
2196,2012,,Crime
2197,2018,,Drama
2198,2017,20.19,
2199,2005,,
2200,1975,,Drama
2201,1924,0.98,Romance
2202,2019,4.19,History
2203,1952,0.07,
2204,2017,,Drama
2205,2012,0.04,Crime
2206,2018,3.51,
2207,2013,1.63,Sport
2208,1973,232.91,
2209,1975,260.0,Thriller
2210,2013,61.0,Mystery
2211,1986,52.29,
2212,2015,154.06,Sci-Fi
2213,2014,167.77,Thriller
2214,2016,67.21,History
2215,2003,305.41,Fantasy
2216,2014,59.1,Crime
2217,1982,32.87,Sci-Fi
2218,1984,38.4,
2219,1996,24.61,
2220,2011,381.01,Fantasy
2221,2019,117.62,Drama
2222,2007,206.45,Comedy
2223,1998,17.5,
2224,2002,164.62,Drama
2225,2011,169.71,
2226,2017,226.28,Sci-Fi
2227,2016,2.01,Thriller
2228,2017,54.51,Drama
2229,2007,18.35,Drama
2230,1989,95.86,
2231,1939,2.08,Fantasy
2232,1986,138.53,
2233,1996,16.5,
2234,2003,0.01,Mystery
2235,1976,117.24,
2236,2015,356.46,Comedy
2237,1965,163.21,Family
2238,2008,148.1,
2239,1995,5.54,
2240,1978,48.98,
2241,1957,,
2242,2011,13.66,Sport
2243,2013,26.95,Drama
2244,2015,45.06,Drama
2245,1998,3.9,Crime
2246,2001,289.92,Comedy
2247,2000,2.73,
2248,2019,3.76,
2249,2015,14.68,
2250,2010,217.58,Adventure
2251,1995,0.31,
2252,2013,56.67,History
2253,1980,23.38,Sport
2254,1967,16.22,
2255,1979,0.23,
2256,2004,100.49,
2257,1975,,War
2258,2009,,Family
2259,1984,2.18,
2260,1988,1.11,Family
2261,1999,23.16,Adventure
2262,2012,0.92,Fantasy
2263,2004,5.82,
2264,2000,5.38,
2265,2014,3.11,Thriller
2266,1959,74.7,
2267,1966,,
2268,1993,25.01,Drama
2269,1976,,
2270,1949,0.45,Thriller
2271,1957,44.91,War
2272,2016,,
2273,1954,9.6,Thriller
2274,1940,4.36,Mystery
2275,1997,,Drama
2276,1962,,
2277,2004,23.53,History
2278,1973,30.93,Drama
2279,1946,23.65,War
2280,1998,1.65,
2281,1934,4.36,
2282,2009,,Drama
2283,2014,10.62,Sci-Fi
2284,1940,0.06,
2285,1930,3.27,
2286,1957,,
2287,1982,4.97,
2288,1994,4.04,Romance
2289,1993,5.22,Romance
2290,1959,,
2291,1974,13.34,
2292,1953,,
2293,2000,1.14,
2294,1948,10.9,Romance
2295,2001,0.07,Sport
2296,1995,0.17,Fantasy
2297,2015,8.18,Comedy
2298,1966,0.1,History
2299,1976,,History
2300,1960,,History
2301,1957,,
2302,1939,9.6,
2303,1966,0.06,
2304,2001,0.3,Romance
2305,2014,0.17,
2306,2003,,
2307,1955,1.09,Horror
2308,1958,,Drama
2309,1926,1.03,Comedy
2310,1957,0.75,
2311,2012,,Family
2312,1949,,Drama
2313,2015,,
2314,2007,1.11,Sport
2315,1951,3.97,
2316,2015,0.34,Mystery
2317,1960,1.53,
2318,2008,,Drama
2319,2006,2.2,Drama
2320,1955,0.06,Thriller
2321,1927,0.54,
2322,1978,,
2323,2012,2.8,Romance
2324,1991,2.6,
2325,1925,5.45,Drama
2326,2016,1.24,Thriller
2327,1975,,Comedy
2328,1988,0.28,Drama
2329,2019,,Mystery
2330,1937,0.17,
2331,1986,4.94,
2332,1971,,
2333,2013,0.14,
2334,2000,,Crime
2335,1928,,Romance
2336,1996,,Thriller
2337,1999,,Drama
2338,2010,0.01,
2339,2012,1.04,
2340,2013,1.43,Drama
2341,2005,0.73,
2342,1998,,Thriller
2343,2023,,Comedy
2344,2023,,Thriller
2345,2021,108.33,Drama
2346,2014,333.18,Comedy
2347,2017,92.05,Mystery
2348,2016,151.1,Music
2349,2016,363.07,
2350,2010,106.95,
2351,1987,30.86,Family
2352,2014,91.13,Thriller
2353,2015,183.64,Drama
2354,2001,1.48,Sci-Fi
2355,2013,25.57,Sci-Fi
2356,2021,,Music
2357,2015,228.43,Sci-Fi
2358,2006,167.45,Thriller
2359,2012,623.28,
2360,1990,184.21,Western
2361,2005,74.1,
2362,1974,86.3,
2363,2004,261.44,Adventure
2364,2016,341.27,Comedy
2365,1991,70.41,Thriller
2366,2010,138.8,History
2367,1993,70.91,Fantasy
2368,1968,,
2369,1988,178.8,
2370,2004,66.21,Thriller
2371,1992,63.9,
2372,2020,,Comedy
2373,2003,1.53,
2374,1992,217.35,Comedy
2375,1999,22.46,
2376,1995,57.14,Thriller
2377,1967,104.95,Romance
2378,1989,27.55,
2379,2003,66.26,Fantasy
2380,2006,163.57,
2381,1968,33.4,
2382,1999,6.2,
2383,1975,50.0,Drama
2384,1947,,Film-Noir
2385,2006,57.37,Thriller
2386,2008,141.32,Romance
2387,1988,0.55,Drama
2388,1991,218.97,Fantasy
2389,2016,,Mystery
2390,1997,0.78,Drama
2391,1994,0.6,Drama
2392,1969,102.31,Drama
2393,1977,39.2,
2394,2016,51.74,
2395,1979,20.05,
2396,2014,3.49,
2397,1972,,Sci-Fi
2398,1996,24.48,
2399,1959,12.54,
2400,2007,227.47,Thriller
2401,1973,53.27,Drama
2402,1955,0.65,Film-Noir
2403,1971,29.13,
2404,2008,,Drama
2405,2005,61.65,Romance
2406,1953,,
2407,1963,0.05,
2408,1984,0.5,Sci-Fi
2409,1986,,Family
2410,1960,19.52,
2411,1982,52.77,History
2412,1987,3.33,Romance
2413,1982,22.24,Music
2414,1975,0.18,
2415,1971,80.5,Musical
2416,1962,4.05,Thriller
2417,1941,2.11,Mystery
2418,1961,8.28,
2419,1982,,
2420,1959,11.9,
2421,1952,9.45,Western
2422,1963,,
2423,2002,0.17,Drama
2424,1967,0.04,Thriller
2425,1966,,
2426,2020,,Adventure
2427,1945,,
2428,1958,2.24,Film-Noir
2429,1996,13.42,
2430,2013,1.51,Family
2431,1920,,Thriller
2432,2015,6.74,
2433,1998,0.26,Romance
2434,2007,0.01,Drama
2435,1983,0.01,
2436,2014,0.86,Drama
2437,2001,,Romance
2438,2004,0.68,
2439,1953,,War
2440,2020,,War
2441,1957,,
2442,2004,2.09,
2443,2007,5.99,
2444,1987,4.54,
2445,1972,1.74,
2446,1972,4.08,
2447,2007,4.45,Drama
2448,1962,,
2449,2008,1.5,
2450,2003,2.38,
2451,1998,0.35,Romance
2452,1995,,
2453,1954,,
2454,1940,0.2,Romance
2455,2018,0.03,
2456,1962,,
2457,1962,,Thriller
2458,2014,0.9,Drama
2459,2010,0.1,Drama
2460,1949,,
2461,1998,5.6,
2462,1945,,War
2463,2004,,Sci-Fi
2464,2004,1.11,War
2465,1994,,Romance
2466,1963,,
2467,2016,1.78,Sport
2468,2006,2.22,Romance
2469,2009,,Thriller
2470,2001,,
2471,2013,1.08,Thriller
2472,1997,659.33,
2473,2022,168.46,Comedy
2474,2019,165.36,Drama
2475,1997,26.4,
2476,2009,760.51,Fantasy
2477,2014,100.21,Sci-Fi
2478,2021,,Fantasy
2479,2004,249.36,Fantasy
2480,2016,100.55,Sci-Fi
2481,2009,257.73,Sci-Fi
2482,2008,318.41,Sci-Fi
2483,2001,7.22,Thriller
2484,1993,75.08,Fantasy
2485,2018,216.43,Music
2486,2019,33.37,War
2487,1993,12.28,Romance
2488,2009,21.0,Comedy
2489,2000,32.53,Drama
2490,2012,17.74,
2491,1982,435.11,Sci-Fi
2492,2001,267.67,Comedy
2493,2017,315.06,Comedy
2494,2004,13.54,
2495,2003,90.14,Mystery
2496,2009,115.65,Thriller
2497,2019,2.0,
2498,1980,57.23,Comedy
2499,2006,35.55,Sci-Fi
2500,2008,7.76,Drama
2501,2014,233.92,Sci-Fi
2502,2013,27.3,
2503,1990,56.36,Romance
2504,2014,25.38,
2505,2017,132.42,
2506,1964,14.5,Western
2507,1985,9.93,Thriller
2508,1999,245.85,Comedy
2509,2012,124.99,Fantasy
2510,1984,4.74,
2511,1956,93.74,Family
2512,1967,24.38,Thriller
2513,1993,36.95,Thriller
2514,1960,30.0,Drama
2515,1995,0.52,Crime
2516,1922,,
2517,2000,128.08,Drama
2518,2013,8.11,
2519,2008,2.12,Horror
2520,2008,26.24,
2521,1938,3.98,Romance
2522,1965,111.72,War
2523,1979,30.18,
2524,1993,4.5,
2525,1963,13.47,Romance
2526,1976,70.6,Thriller
2527,2013,1.01,
2528,1970,61.7,War
2529,1956,,Film-Noir
2530,1934,,Mystery
2531,1969,12.06,Drama
2532,1956,,Western
2533,1951,8.0,
2534,2014,2.63,Thriller
2535,2002,53.71,Drama
2536,2018,3.31,Thriller
2537,2000,4.18,Musical
2538,1933,10.0,Sci-Fi
2539,2011,44.67,Romance
2540,1962,,
2541,1946,10.46,Romance
2542,1983,20.61,
2543,1971,,Romance
2544,2019,,Drama
2545,2016,3.24,Music
2546,1951,7.63,Film-Noir
2547,1993,1.32,Mystery
2548,1994,2.2,
2549,2012,6.74,
2550,1948,,Mystery
2551,1946,6.54,Mystery
2552,1986,0.3,
2553,1944,,Thriller
2554,1970,0.54,
2555,2017,1.53,History
2556,1968,22.28,History
2557,2004,,
2558,1940,,
2559,1950,,Fantasy
2560,2002,9.36,Romance
2561,2004,0.24,Romance
2562,1958,17.57,
2563,1967,,Drama
2564,1944,4.36,Mystery
2565,1973,0.58,
2566,1953,,Thriller
2567,1959,0.09,
2568,2019,5.57,Romance
2569,1980,,War
2570,2010,4.02,Romance
2571,1950,,Mystery
2572,1945,,Film-Noir
2573,2003,1.79,Musical
2574,2009,0.11,
2575,1970,0.37,Thriller
2576,2014,0.1,
2577,1945,9.46,
2578,1947,2.65,Family
2579,1925,0.05,Thriller
2580,2007,1.19,
2581,2000,1.22,Thriller
2582,1941,,Drama
2583,2003,0.5,
2584,1958,0.11,Thriller
2585,1961,,
2586,2001,1.06,War
2587,1946,0.3,Romance
2588,2005,,
2589,2009,0.01,Romance
2590,1939,,
2591,2018,1.66,
2592,2019,2.27,
2593,2018,,
2594,2016,,History
2595,2007,0.41,Romance
2596,2015,,Thriller
2597,2023,,Thriller
2598,2017,188.37,History
2599,2022,369.35,Drama
2600,2022,72.86,Comedy
2601,2005,38.41,
2602,2011,35.06,
2603,2019,108.1,
2604,2004,81.0,
2605,1984,238.63,Fantasy
2606,2015,70.26,Drama
2607,1986,70.14,
2608,2019,36.47,Crime
2609,1993,56.51,History
2610,1985,45.88,
2611,2022,,War
2612,2017,176.04,Thriller
2613,1987,59.74,Horror
2614,2019,7.0,Drama
2615,2011,102.52,Mystery
2616,2015,54.12,Mystery
2617,1993,183.88,Drama
2618,2013,15.32,Fantasy
2619,2017,18.1,
2620,1971,4.0,Musical
2621,2012,303.0,
2622,2022,14.5,
2623,2007,23.64,Mystery
2624,2014,32.38,Thriller
2625,2007,50.93,Romance
2626,2021,,Romance
2627,2016,47.7,
2628,2006,50.87,Drama
2629,2010,96.96,
2630,2016,532.18,Sci-Fi
2631,1987,76.27,Thriller
2632,2006,59.89,
2633,2016,169.61,History
2634,1993,32.42,Family
2635,1989,118.5,Sci-Fi
2636,2015,936.66,Sci-Fi
2637,2012,45.51,Family
2638,2016,408.08,
2639,2000,115.65,Sport
2640,1993,17.27,
2641,2008,127.51,Romance
2642,2012,304.36,Thriller
2643,2007,,Mystery
2644,2000,233.63,Romance
2645,1969,44.79,
2646,2008,145.0,Thriller
2647,2013,258.37,Fantasy
2648,2022,,
2649,1990,61.28,
2650,2007,130.16,Drama
2651,1964,102.27,Fantasy
2652,2015,161.2,History
2653,2003,111.11,
2654,2013,107.1,Crime
2655,2014,259.77,Sci-Fi
2656,2016,5.88,
2657,2010,93.62,Drama
2658,2002,121.66,Thriller
2659,2014,222.53,Adventure
2660,2009,5.01,Sci-Fi
2661,1990,52.1,
2662,2010,0.13,Thriller
2663,2018,32.02,Comedy
2664,1991,57.5,
2665,2021,34.54,Fantasy
2666,2022,,Biography
2667,2005,119.52,Music
2668,2005,25.51,Sci-Fi
2669,2006,2.28,Fantasy
2670,1944,,Mystery
2671,2008,35.74,Drama
2672,2009,10.1,Mystery
2673,2013,0.09,Mystery
2674,1973,0.06,Fantasy
2675,1974,4.42,Thriller
2676,1989,26.83,History
2677,1999,28.97,Thriller
2678,1988,34.6,Mystery
2679,1979,106.26,
2680,1993,22.95,
2681,2017,40.44,Family
2682,2016,5.2,Drama
2683,1982,2.5,Drama
2684,1989,,Fantasy
2685,2014,,Drama
2686,1973,16.06,Thriller
2687,2014,177.0,Adventure
2688,1978,5.1,
2689,1976,31.8,
2690,1968,0.09,
2691,1951,,
2692,1978,,
2693,1983,21.5,Drama
2694,1996,4.04,
2695,1999,32.48,Family
2696,1979,37.82,Musical
2697,1994,5.89,Drama
2698,2006,13.76,Drama
2699,1955,,
2700,1984,34.7,History
2701,1964,72.0,Musical
2702,2005,5.13,Sport
2703,1972,42.77,Musical
2704,2008,,Drama
2705,1995,,Family
2706,1989,14.74,
2707,1979,45.7,Romance
2708,2007,9.44,Romance
2709,2002,0.18,
2710,1932,0.63,
2711,2017,6.74,Mystery
2712,1939,,Western
2713,1964,0.03,Romance
2714,1931,,Sci-Fi
2715,1975,,
2716,2015,0.44,War
2717,1999,8.26,Romance
2718,1993,5.62,Adventure
2719,1972,,Biography
2720,1986,40.08,
2721,1943,,
2722,1993,,Adventure
2723,2009,2.22,Thriller
2724,1967,56.7,
2725,1944,,Film-Noir
2726,1935,4.36,Sci-Fi
2727,1948,,
2728,2009,2.08,
2729,1940,0.3,Romance
2730,1961,2.62,
2731,1972,0.2,
2732,1938,,
2733,2001,1.0,Crime
2734,1950,,Film-Noir
2735,2013,4.23,
2736,2016,0.26,
2737,1989,,Drama
2738,1960,,Romance
2739,2004,3.64,Music
2740,1994,21.85,Drama
2741,2013,0.28,
2742,1989,18.25,
2743,1938,4.66,Romance
2744,2001,0.19,Fantasy
2745,2003,0.13,Comedy
2746,2011,0.14,Thriller
2747,2004,2.92,Musical
2748,1933,,
2749,1962,,
2750,1997,0.0,Comedy
2751,2016,0.29,Drama
2752,1935,2.54,Musical
2753,2012,1.67,Family
2754,2012,0.17,
2755,2017,,
2756,2022,,
2757,2018,220.16,Thriller
2758,1971,15.63,Drama
2759,1985,61.5,Family
2760,2022,,
2761,2015,46.89,Drama
2762,2005,290.01,Fantasy
2763,2022,,
2764,2009,277.32,
2765,2003,44.59,
2766,2007,33.08,Mystery
2767,2010,295.98,Fantasy
2768,2017,33.8,Mystery
2769,1992,141.34,
2770,2014,128.26,Comedy
2771,2009,75.29,Family
2772,1989,92.82,Romance
2773,2001,183.42,
2774,1980,83.4,
2775,2001,108.64,History
2776,2013,2.2,
2777,2002,54.23,Drama
2778,2009,32.39,Romance
2779,1992,75.51,Drama
2780,1986,8.55,Mystery
2781,1974,119.5,
2782,1996,56.12,Mystery
2783,1990,285.76,
2784,2012,132.09,Romance
2785,2014,25.44,Thriller
2786,2004,77.91,Drama
2787,1993,9.17,
2788,1972,7.06,Thriller
2789,2001,76.63,Drama
2790,2005,83.04,
2791,2011,56.82,Romance
2792,1982,47.21,Thriller
2793,2013,228.78,Sci-Fi
2794,2010,200.82,Comedy
2795,1997,48.32,Thriller
2796,2009,0.0,Romance
2797,2014,257.76,Adventure
2798,2020,,
2799,1999,0.03,
2800,2001,13.62,
2801,2013,274.09,Thriller
2802,1978,47.0,
2803,2000,45.51,Crime
2804,2011,146.41,
2805,2014,42.34,
2806,1993,77.32,
2807,1997,148.48,Romance
2808,2015,3.48,Romance
2809,1995,173.84,History
2810,2006,0.33,
2811,2007,53.61,Drama
2812,1997,12.34,Thriller
2813,1997,41.91,Drama
2814,2019,434.04,Comedy
2815,2012,136.03,Thriller
2816,1988,156.45,Comedy
2817,2012,189.42,Comedy
2818,1960,4.91,Drama
2819,2002,104.45,Thriller
2820,2004,54.58,Thriller
2821,2019,,
2822,2014,124.87,
2823,2014,35.89,Romance
2824,1995,43.18,
2825,1987,22.24,
2826,1986,7.15,Thriller
2827,1998,2.81,
2828,1991,82.42,
2829,1971,35.9,Thriller
2830,1982,54.0,
2831,1993,1.77,
2832,2020,,Thriller
2833,1992,10.73,Mystery
2834,2006,0.88,Fantasy
2835,1982,78.91,Sci-Fi
2836,2008,9.03,
2837,1973,29.8,Drama
2838,2011,0.07,
2839,1999,22.86,Fantasy
2840,1994,3.15,
2841,1988,,
2842,1985,98.47,
2843,2004,176.24,Thriller
2844,2002,22.25,
2845,2013,5.21,Drama
2846,2006,22.49,Thriller
2847,2004,17.11,Fantasy
2848,2004,75.33,Music
2849,1987,5.92,
2850,1967,0.03,
2851,2018,,
2852,1964,51.08,Thriller
2853,1967,45.3,War
2854,2013,2.85,
2855,2010,1.75,Romance
2856,1962,39.1,History
2857,1973,,Drama
2858,1980,54.8,
2859,1987,43.98,History
2860,1967,,Crime
2861,2000,22.0,
2862,1992,48.17,History
2863,1999,52.04,Fantasy
2864,1990,5.08,Thriller
2865,1973,0.19,
2866,2004,51.68,Family
2867,2009,0.55,Mystery
2868,1952,10.55,Romance
2869,2006,4.4,War
2870,2015,0.08,
2871,1940,76.41,Fantasy
2872,2015,6.74,Romance
2873,1992,,Comedy
2874,1993,6.11,
2875,1960,0.34,
2876,2016,48.02,Adventure
2877,1996,4.41,
2878,2010,0.01,Drama
2879,1998,7.27,Thriller
2880,2013,17.65,
2881,1991,2.02,
2882,1990,1.96,
2883,1997,0.37,Sci-Fi
2884,1964,,War
2885,1951,0.54,Romance
2886,1956,,Sci-Fi
2887,2008,18.59,History
2888,2016,,
2889,1992,,Thriller
2890,1954,21.75,
2891,2012,0.18,Romance
2892,2001,2.89,Fantasy
2893,1986,1.44,Drama
2894,1991,2.0,Music
2895,1948,,Drama
2896,2003,4.06,Romance
2897,1967,17.55,
2898,1966,28.35,History
2899,2014,0.77,Family
2900,1938,,
2901,2003,0.02,
2902,2015,1.34,Drama
2903,2001,3.03,Music
2904,1947,,
2905,1997,0.19,
2906,1932,,Drama
2907,2004,16.78,Drama
2908,2002,4.89,
2909,1962,,
2910,2000,,Thriller
2911,2010,,
2912,2016,2.4,
2913,1997,0.31,
2914,2005,0.0,Drama
2915,2001,0.14,
2916,2003,7.0,Comedy
2917,2006,0.41,
2918,1955,,
2919,1985,10.63,Romance
2920,1997,0.23,Romance
2921,2006,,Comedy
2922,2002,15.54,
2923,1962,,
2924,1983,11.8,
2925,1992,27.28,Family
2926,2013,1.33,
2927,1975,,
2928,2017,0.31,Family
2929,2007,0.74,
2930,2019,142.5,
2931,2001,317.58,Fantasy
2932,2017,389.81,Comedy
2933,2004,56.0,Thriller
2934,2000,15.07,Horror
2935,2007,121.46,
2936,2009,107.51,Mystery
2937,2018,324.59,Comedy
2938,1997,63.54,Sci-Fi
2939,2011,75.61,Sport
2940,2006,210.61,
2941,1999,10.82,
2942,2018,215.29,Romance
2943,1992,52.93,
2944,2014,208.55,Drama
2945,2014,3.33,
2946,2010,251.51,Comedy
2947,2010,48.07,Crime
2948,1987,53.42,Sci-Fi
2949,1973,25.0,Thriller
2950,2004,57.94,Thriller
2951,2009,255.96,Sport
2952,2007,17.11,Thriller
2953,2007,38.63,Fantasy
2954,2008,215.43,Adventure
2955,2001,96.52,Thriller
2956,2005,380.26,Fantasy
2957,2002,132.07,Mystery
2958,2016,27.01,Thriller
2959,1998,36.4,War
2960,2010,171.24,
2961,2004,1.08,
2962,1986,40.46,Sci-Fi
2963,1985,10.6,Drama
2964,2001,52.36,
2965,2021,,Comedy
2966,1937,184.93,Family
2967,2007,20.3,Mystery
2968,1987,65.21,Thriller
2969,1998,120.62,Comedy
2970,1981,12.47,Sci-Fi
2971,2011,3.19,Mystery
2972,2018,26.02,Thriller
2973,2005,23.09,Thriller
2974,2012,41.0,Crime
2975,2011,4.11,Thriller
2976,1963,11.4,Mystery
2977,1967,141.84,Comedy
2978,1998,17.11,Romance
2979,2008,15.09,Comedy
2980,1995,100.01,Thriller
2981,2019,,History
2982,1955,,
2983,2011,35.01,Romance
2984,1953,30.5,War
2985,2001,40.31,
2986,2006,17.61,History
2987,1995,71.52,
2988,2006,31.57,History
2989,1954,,Romance
2990,2003,16.29,Thriller
2991,1974,2.49,Thriller
2992,1991,6.15,Thriller
2993,2002,13.06,
2994,2007,0.87,Music
2995,2004,6.17,Romance
2996,1996,35.81,Music
2997,2013,37.71,Drama
2998,1933,,
2999,2009,,Drama
